<application>
  <component name="ProjectManager">
    <defaultProject>
      <component name="CompilerWorkspaceConfiguration">
        <option name="MAKE_PROJECT_ON_SAVE" value="true" />
        <option name="PARALLEL_COMPILATION" value="true" />
      </component>
      <component name="Encoding" defaultCharsetForPropertiesFiles="UTF-8">
        <file url="PROJECT" charset="UTF-8" />
      </component>
      <component name="Git.Settings">
        <option name="ROOT_SYNC" value="DONT_SYNC" />
      </component>
      <component name="InspectionProjectProfileManager">
        <profile version="1.0">
          <option name="myName" value="Project Default" />
          <inspection_tool class="AndroidLintLintBaseline" enabled="false" level="INFO" enabled_by_default="false" />
        </profile>
        <option name="PROJECT_PROFILE" value="Project Default" />
        <option name="USE_PROJECT_PROFILE" value="true" />
        <version value="1.0" />
      </component>
      <component name="ProjectInspectionProfilesVisibleTreeState">
        <entry key="Project Default">
          <profile-state>
            <expanded-state>
              <State>
                <id />
              </State>
              <State>
                <id>Android &gt; Lint &gt; Performance</id>
              </State>
            </expanded-state>
            <selected-state>
              <State>
                <id>Android</id>
              </State>
            </selected-state>
          </profile-state>
        </entry>
      </component>
      <component name="ProjectRootManager" version="2" languageLevel="JDK_1_3" default="true" assert-keyword="false" jdk-15="false" />
      <component name="PropertiesComponent">
        <property name="last_opened_file_path" value="D:/Git/bin/git.exe" />
        <property name="project.structure.last.edited" value="SDK Location" />
        <property name="project.structure.proportion" value="0.17" />
        <property name="project.structure.side.proportion" value="0.0" />
        <property name="settings.editor.selected.configurable" value="preferences.general" />
        <property name="settings.editor.splitter.proportion" value="0.29139787" />
      </component>
      <component name="RunManager">
        <configuration default="true" type="Application" factoryName="Application">
          <extension name="coverage" enabled="false" merge="false" sample_coverage="true" runner="idea" />
          <option name="MAIN_CLASS_NAME" />
          <option name="VM_PARAMETERS" />
          <option name="PROGRAM_PARAMETERS" />
          <option name="WORKING_DIRECTORY" value="$PROJECT_DIR$" />
          <option name="ALTERNATIVE_JRE_PATH_ENABLED" value="false" />
          <option name="ALTERNATIVE_JRE_PATH" />
          <option name="ENABLE_SWING_INSPECTOR" value="false" />
          <option name="ENV_VARIABLES" />
          <option name="PASS_PARENT_ENVS" value="true" />
          <module name="" />
          <envs />
          <method />
        </configuration>
        <configuration default="true" type="JUnit" factoryName="JUnit">
          <extension name="coverage" enabled="false" merge="false" sample_coverage="true" runner="idea" />
          <module name="" />
          <option name="ALTERNATIVE_JRE_PATH_ENABLED" value="false" />
          <option name="ALTERNATIVE_JRE_PATH" />
          <option name="PACKAGE_NAME" />
          <option name="MAIN_CLASS_NAME" />
          <option name="METHOD_NAME" />
          <option name="TEST_OBJECT" value="class" />
          <option name="VM_PARAMETERS" value="-ea" />
          <option name="PARAMETERS" />
          <option name="WORKING_DIRECTORY" value="$MODULE_DIR$" />
          <option name="ENV_VARIABLES" />
          <option name="PASS_PARENT_ENVS" value="true" />
          <option name="TEST_SEARCH_SCOPE">
            <value defaultName="singleModule" />
          </option>
          <envs />
          <patterns />
          <method />
        </configuration>
        <configuration default="true" type="Remote" factoryName="Remote">
          <option name="USE_SOCKET_TRANSPORT" value="true" />
          <option name="SERVER_MODE" value="false" />
          <option name="SHMEM_ADDRESS" value="javadebug" />
          <option name="HOST" value="localhost" />
          <option name="PORT" value="5005" />
          <method />
        </configuration>
        <configuration default="true" type="TestNG" factoryName="TestNG">
          <extension name="coverage" enabled="false" merge="false" sample_coverage="true" runner="idea" />
          <module name="" />
          <option name="ALTERNATIVE_JRE_PATH_ENABLED" value="false" />
          <option name="ALTERNATIVE_JRE_PATH" />
          <option name="SUITE_NAME" />
          <option name="PACKAGE_NAME" />
          <option name="MAIN_CLASS_NAME" />
          <option name="METHOD_NAME" />
          <option name="GROUP_NAME" />
          <option name="TEST_OBJECT" value="CLASS" />
          <option name="VM_PARAMETERS" value="-ea" />
          <option name="PARAMETERS" />
          <option name="WORKING_DIRECTORY" value="$MODULE_DIR$" />
          <option name="OUTPUT_DIRECTORY" />
          <option name="ANNOTATION_TYPE" />
          <option name="ENV_VARIABLES" />
          <option name="PASS_PARENT_ENVS" value="true" />
          <option name="TEST_SEARCH_SCOPE">
            <value defaultName="singleModule" />
          </option>
          <option name="USE_DEFAULT_REPORTERS" value="false" />
          <option name="PROPERTIES_FILE" />
          <envs />
          <properties />
          <listeners />
          <method />
        </configuration>
        <configuration name="&lt;template&gt;" type="Applet" default="true" selected="false">
          <option name="MAIN_CLASS_NAME" />
          <option name="HTML_FILE_NAME" />
          <option name="HTML_USED" value="false" />
          <option name="WIDTH" value="400" />
          <option name="HEIGHT" value="300" />
          <option name="POLICY_FILE" value="$APPLICATION_HOME_DIR$/bin/appletviewer.policy" />
          <option name="VM_PARAMETERS" />
        </configuration>
        <configuration name="&lt;template&gt;" type="#org.jetbrains.idea.devkit.run.PluginConfigurationType" default="true" selected="false">
          <option name="VM_PARAMETERS" value="-Xmx512m -Xms256m -XX:MaxPermSize=250m -ea" />
        </configuration>
      </component>
      <component name="SvnConfiguration">
        <configuration>C:\Users\Administrator\AppData\Roaming\Subversion</configuration>
      </component>
    </defaultProject>
  </component>
</application>